,defin,func_body,answer,score,prompt no.
0,считает gcd двух чисел,"def gcd_recursion(num1, num2):
	return gcd_recursion(num2 % num1, num1) if num1 != 0 else num2","рассуждения: Функция действительно вычисляет наибольший общий делитель (gcd) двух чисел с использованием рекурсии. 
ответ: 1.0",1.0,1
1,считает корень из числа,"def q(x):
	return sqrt(x)","рассуждения: Функция q(x) действительно вычисляет квадратный корень из числа x, следовательно описание верно.
ответ: 1.0",1.0,1
2,"Задача организации, в особенности же повышение уровня гражданского сознания позволяет оценить значение ключевых компонентов планируемого обновления! Не следует, однако, забывать о том, что рамки и место обучения кадров напрямую зависит от системы масштабного изменения ряда параметров. Разнообразный и богатый опыт реализация намеченного плана развития требует от нас анализа дальнейших направлений развитая системы массового участия.","def g(x): 
	return x","рассуждения: Описание не подходит к функции, так как не имеет никакого отношения к математической операции, выполняемой функцией g(x). 
ответ: 0.",0.0,1
0,считает gcd двух чисел,"def gcd_recursion(num1, num2):
	return gcd_recursion(num2 % num1, num1) if num1 != 0 else num2","Рассуждения: 
Функция gcd_recursion является рекурсивной функцией, которая использует алгоритм нахождения наибольшего общего делителя (GCD). Она принимает два числа и возвращает их GCD. Описание функции соответствует её назначению.

Степень соответствия: 1",1.0,2
1,считает корень из числа,"def q(x):
	return sqrt(x)","Рассуждения: Функция q(x) считает квадратный корень из числа x, в то время как в описании указано, что функция должна складывать два числа. Хотя обе функции выполняют математические операции над числами, их цели различны. 
Степень соответствия: 0.5 (половина), так как обе функции выполняют математические операции над числами, но в данном случае операции различны.",0.5,2
2,"Задача организации, в особенности же повышение уровня гражданского сознания позволяет оценить значение ключевых компонентов планируемого обновления! Не следует, однако, забывать о том, что рамки и место обучения кадров напрямую зависит от системы масштабного изменения ряда параметров. Разнообразный и богатый опыт реализация намеченного плана развития требует от нас анализа дальнейших направлений развитая системы массового участия.","def g(x): 
	return x","
Рассуждения: 
Функция g(x) возвращает переданный ей аргумент x, никак его не изменяя или не обрабатывая. Однако, описание содержит сложные и непонятные фразы, которые не имеют никакого отношения к функции. Таким образом, степень соответствия этой пары можно оценить как 0.2, так как функция выполняет свою задачу, но описание не соответствует ей вовсе.",0.2,2
0,считает gcd двух чисел,"def gcd_recursion(num1, num2):
	return gcd_recursion(num2 % num1, num1) if num1 != 0 else num2","Описание функции для gcd_recursion содержит общую идею того, что функция вычисляет наибольший общий делитель двух чисел, но не уточняет как это происходит с помощью рекурсии и не объясняет аргументы функции. Также не указано, что функция возвращает. 
Степень соответствия: 0.5",0.5,3
1,считает корень из числа,"def q(x):
	return sqrt(x)","Описание функции для данной функции не соответствует критериям оценки, так как не указаны аргументы функции, нет подробного описания действия функции и возвращаемого значения. Также необходимо указать, что функция sqrt() должна быть импортирована из модуля math. 
Степень соответствия: 0",0.0,3
2,"Задача организации, в особенности же повышение уровня гражданского сознания позволяет оценить значение ключевых компонентов планируемого обновления! Не следует, однако, забывать о том, что рамки и место обучения кадров напрямую зависит от системы масштабного изменения ряда параметров. Разнообразный и богатый опыт реализация намеченного плана развития требует от нас анализа дальнейших направлений развитая системы массового участия.","def g(x): 
	return x","Данное описание функции не соответствует требованиям, указанным выше. Описание должно быть конкретным и информативным, чтобы пользователь мог понять, какую задачу выполняет функция. В данном случае описание является абстрактным и не имеет отношения к функции g(x). Поэтому степень соответствия данного описания функции g(x) равна 0.",0.0,3
